	YP_009406967.1|COX1	YP_009406968.1|COX2	YP_009406969.1|ATP8	YP_009406970.1|ATP6	YP_009406971.1|COX3	YP_009406972.1|ND3	YP_009406976.1|ND6	YP_009406977.1|CYTB	YP_009406979.1|ND2
TTT	24	9	4	12	13	9	6	21	17
TTC	16	5	4	4	9	2	6	12	10
TTA	21	16	2	13	11	5	14	17	24
TTG	2	1	0	2	0	0	0	2	6
TCT	11	6	2	4	6	3	2	6	18
TCC	3	2	0	2	0	4	4	5	6
TCA	12	6	2	12	7	3	5	9	15
TCG	2	1	0	0	2	1	0	0	0
TAT	11	6	0	2	8	2	4	7	3
TAC	4	1	1	2	4	0	1	10	7
TGT	0	2	0	0	1	1	1	1	0
TGC	0	0	0	0	2	1	0	2	0
TGA	15	5	1	6	10	3	1	11	4
TGG	0	1	2	0	3	0	0	0	3
CTT	10	2	1	10	9	3	5	10	12
CTC	10	3	0	4	6	2	0	4	7
CTA	18	7	4	12	4	6	11	22	12
CTG	1	0	0	2	1	0	0	0	1
CCT	5	2	1	1	2	1	1	2	7
CCC	9	1	2	0	2	0	3	5	2
CCA	9	6	1	9	5	3	6	13	7
CCG	4	2	3	1	0	1	0	0	3
CAT	10	0	0	0	6	2	0	4	2
CAC	8	4	0	6	10	0	3	9	3
CAA	7	8	1	3	8	1	1	8	10
CAG	2	0	0	0	1	0	0	1	1
CGT	2	2	0	0	1	0	0	1	0
CGC	3	2	0	0	1	0	0	1	1
CGA	5	3	0	2	2	3	1	5	2
CGG	0	0	0	1	0	0	0	0	1
ATT	33	11	2	16	12	12	15	20	26
ATC	10	7	1	2	5	5	6	14	6
ATA	26	9	4	12	9	6	15	16	23
ATG	1	1	0	1	2	0	1	1	0
ACT	7	3	0	10	9	1	8	7	4
ACC	9	2	0	2	3	1	4	8	4
ACA	19	9	2	2	9	3	9	11	4
ACG	1	1	0	0	1	0	0	0	0
AAT	11	5	3	6	0	1	2	3	5
AAC	7	5	0	3	4	1	4	12	7
AAA	8	5	2	4	4	5	5	8	10
AAG	0	0	1	0	0	0	0	1	0
AGT	2	1	1	2	1	0	0	0	0
AGC	2	1	0	1	1	0	2	1	0
AGA	8	6	0	11	6	0	2	6	8
AGG	0	1	0	2	0	1	0	0	0
GTT	13	3	1	6	7	3	2	3	6
GTC	6	3	1	2	0	1	1	5	3
GTA	12	7	0	5	9	1	4	14	6
GTG	5	2	0	0	0	1	1	0	2
GCT	12	6	0	7	4	5	3	4	4
GCC	13	3	0	1	7	3	3	10	6
GCA	11	4	0	4	7	0	1	10	5
GCG	1	0	0	0	0	0	0	0	2
GAT	10	5	1	0	2	1	1	4	0
GAC	4	6	0	1	3	2	1	6	0
GAA	6	9	0	3	7	4	3	2	3
GAG	2	0	1	1	0	1	0	1	1
GGT	8	1	0	2	3	0	0	2	2
GGC	6	0	1	5	3	1	1	1	1
GGA	25	10	0	3	7	3	1	16	7
GGG	8	0	0	0	3	0	1	4	5
TAA	1	0	1	1	1	1	1	0	1
TAG	0	0	0	0	0	0	0	1	0
