	GenName	ProteinID	OrganismName	Taxonomy	Strand	TTT	TTC	TTA	TTG	TCT	TCC	TCA	TCG	TAT	TAC	TGT	TGC	TGA	TGG	CTT	CTC	CTA	CTG	CCT	CCC	CCA	CCG	CAT	CAC	CAA	CAG	CGT	CGC	CGA	CGG	ATT	ATC	ATA	ATG	ACT	ACC	ACA	ACG	AAT	AAC	AAA	AAG	AGT	AGC	AGA	AGG	GTT	GTC	GTA	GTG	GCT	GCC	GCA	GCG	GAT	GAC	GAA	GAG	GGT	GGC	GGA	GGG	TAA	TAG
0	ND2	YP_009740992.1	Sphingonotus yenchihensis	Eukaryota, Metazoa, Ecdysozoa, Arthropoda, Hexapoda, Insecta, Pterygota, Neoptera, Polyneoptera, Orthoptera, Caelifera, Acrididea, Acridomorpha, Acridoidea, Acrididae, Oedipodinae, Sphingonotus	1	5	12	18	3	4	3	25	0	7	6	2	1	10	1	6	0	15	3	1	1	7	0	1	2	7	0	1	0	1	0	28	10	39	5	2	0	18	2	12	11	13	1	0	0	8	0	3	1	8	0	2	0	9	0	2	0	8	1	2	0	10	3	1	0
1	COX1	YP_009740993.1	Sphingonotus yenchihensis	Eukaryota, Metazoa, Ecdysozoa, Arthropoda, Hexapoda, Insecta, Pterygota, Neoptera, Polyneoptera, Orthoptera, Caelifera, Acrididea, Acridomorpha, Acridoidea, Acrididae, Oedipodinae, Sphingonotus	1	23	15	33	0	2	4	22	1	13	3	1	0	15	0	5	0	17	1	6	1	18	1	7	7	10	0	0	0	8	0	45	9	32	2	5	4	24	0	15	6	8	2	3	0	8	0	8	1	19	2	3	3	29	0	12	5	8	0	11	0	36	0	0	0
2	COX2	YP_009740994.1	Sphingonotus yenchihensis	Eukaryota, Metazoa, Ecdysozoa, Arthropoda, Hexapoda, Insecta, Pterygota, Neoptera, Polyneoptera, Orthoptera, Caelifera, Acrididea, Acridomorpha, Acridoidea, Acrididae, Oedipodinae, Sphingonotus	1	6	5	18	0	5	0	9	0	6	2	2	0	6	0	4	0	9	0	3	0	6	0	6	0	5	0	1	0	7	0	13	8	12	1	3	2	12	0	7	4	5	0	2	0	4	0	3	0	7	0	2	1	9	0	8	3	11	0	0	0	7	3	1	0
3	ATP8	YP_009740995.1	Sphingonotus yenchihensis	Eukaryota, Metazoa, Ecdysozoa, Arthropoda, Hexapoda, Insecta, Pterygota, Neoptera, Polyneoptera, Orthoptera, Caelifera, Acrididea, Acridomorpha, Acridoidea, Acrididae, Oedipodinae, Sphingonotus	1	5	1	3	0	0	0	4	0	1	0	0	0	3	0	0	0	1	0	2	1	0	0	0	0	2	0	0	0	0	0	3	4	6	0	0	0	2	0	3	1	5	2	1	0	1	0	0	0	0	0	0	0	0	0	0	0	1	0	0	0	0	0	1	0
4	ATP6	YP_009740996.1	Sphingonotus yenchihensis	Eukaryota, Metazoa, Ecdysozoa, Arthropoda, Hexapoda, Insecta, Pterygota, Neoptera, Polyneoptera, Orthoptera, Caelifera, Acrididea, Acridomorpha, Acridoidea, Acrididae, Oedipodinae, Sphingonotus	1	13	7	26	0	0	0	12	1	5	0	0	0	5	0	1	0	8	0	0	0	10	0	5	1	3	0	0	0	3	0	22	1	18	2	6	2	15	0	12	4	3	0	0	0	8	0	3	0	3	0	0	0	10	0	0	1	4	0	2	0	8	1	1	0
5	COX3	YP_009740997.1	Sphingonotus yenchihensis	Eukaryota, Metazoa, Ecdysozoa, Arthropoda, Hexapoda, Insecta, Pterygota, Neoptera, Polyneoptera, Orthoptera, Caelifera, Acrididea, Acridomorpha, Acridoidea, Acrididae, Oedipodinae, Sphingonotus	1	11	15	15	0	2	0	9	0	6	3	1	0	14	0	5	0	8	0	0	0	11	0	6	8	8	0	0	0	4	0	17	2	20	1	4	0	15	0	6	2	2	0	1	0	5	0	4	1	10	0	1	2	13	1	4	1	6	0	4	0	15	0	1	0
6	ND3	YP_009740998.1	Sphingonotus yenchihensis	Eukaryota, Metazoa, Ecdysozoa, Arthropoda, Hexapoda, Insecta, Pterygota, Neoptera, Polyneoptera, Orthoptera, Caelifera, Acrididea, Acridomorpha, Acridoidea, Acrididae, Oedipodinae, Sphingonotus	1	5	5	10	0	1	0	7	1	1	1	1	0	3	0	3	0	1	0	1	0	4	0	0	0	2	0	0	0	2	0	15	6	9	0	0	1	4	0	2	1	5	1	0	0	4	0	1	0	3	0	1	0	5	0	3	0	5	0	0	0	3	0	0	1
7	ND6	YP_009741002.1	Sphingonotus yenchihensis	Eukaryota, Metazoa, Ecdysozoa, Arthropoda, Hexapoda, Insecta, Pterygota, Neoptera, Polyneoptera, Orthoptera, Caelifera, Acrididea, Acridomorpha, Acridoidea, Acrididae, Oedipodinae, Sphingonotus	1	8	4	12	0	0	0	7	0	3	1	0	0	1	0	1	0	6	0	2	1	0	0	0	1	3	0	1	0	0	0	23	5	28	2	1	1	16	0	10	6	8	0	0	0	4	0	1	0	3	0	0	0	3	0	0	0	6	0	0	1	4	0	1	0
8	CYTB	YP_009741003.1	Sphingonotus yenchihensis	Eukaryota, Metazoa, Ecdysozoa, Arthropoda, Hexapoda, Insecta, Pterygota, Neoptera, Polyneoptera, Orthoptera, Caelifera, Acrididea, Acridomorpha, Acridoidea, Acrididae, Oedipodinae, Sphingonotus	1	18	10	26	0	3	0	7	0	10	9	3	2	11	1	6	0	11	0	2	1	19	0	8	3	7	1	0	0	8	0	38	10	24	2	3	3	19	0	13	11	9	2	0	1	4	0	4	2	15	0	2	2	13	0	6	3	4	0	4	1	16	2	1	0
