	GenName	GenID	OrganismName	Taxonomy	TTT	TTC	TTA	TTG	TCT	TCC	TCA	TCG	TAT	TAC	TGT	TGC	TGA	TGG	CTT	CTC	CTA	CTG	CCT	CCC	CCA	CCG	CAT	CAC	CAA	CAG	CGT	CGC	CGA	CGG	ATT	ATC	ATA	ATG	ACT	ACC	ACA	ACG	AAT	AAC	AAA	AAG	AGT	AGC	AGA	AGG	GTT	GTC	GTA	GTG	GCT	GCC	GCA	GCG	GAT	GAC	GAA	GAG	GGT	GGC	GGA	GGG	TAA	TAG
0	ATP6	YP_009692482.1	Limnogonus intermedius	Eukaryota, Metazoa, Ecdysozoa, Arthropoda, Hexapoda, Insecta, Pterygota, Neoptera, Paraneoptera, Hemiptera, Heteroptera, Gerromorpha, Gerroidea, Gerridae, Gerrinae, Limnogonus	10	5	9	2	4	1	11	0	5	2	0	1	4	0	5	2	7	0	2	0	5	1	2	3	3	1	0	0	3	0	12	9	29	3	4	1	12	0	8	7	4	1	2	0	6	0	4	0	6	0	5	2	5	0	0	1	5	0	2	0	5	1	0	0
1	COX3	YP_009692483.1	Limnogonus intermedius	Eukaryota, Metazoa, Ecdysozoa, Arthropoda, Hexapoda, Insecta, Pterygota, Neoptera, Paraneoptera, Hemiptera, Heteroptera, Gerromorpha, Gerroidea, Gerridae, Gerrinae, Limnogonus	12	13	9	2	1	2	7	0	4	3	1	2	12	1	2	0	7	0	2	2	7	0	5	9	5	1	0	0	3	0	23	8	18	1	2	7	15	0	3	4	8	0	1	1	5	1	1	2	10	0	2	1	5	0	3	2	6	0	6	0	10	4	0	0
2	ND3	YP_009692484.1	Limnogonus intermedius	Eukaryota, Metazoa, Ecdysozoa, Arthropoda, Hexapoda, Insecta, Pterygota, Neoptera, Paraneoptera, Hemiptera, Heteroptera, Gerromorpha, Gerroidea, Gerridae, Gerrinae, Limnogonus	5	4	2	0	2	0	3	1	1	0	1	1	3	0	1	0	4	0	1	1	2	0	0	1	1	0	0	0	2	0	12	12	15	0	2	0	6	0	0	3	9	1	1	0	3	0	0	0	2	0	0	2	2	0	0	2	5	0	2	0	2	0	1	0
3	ND6	YP_009692488.1	Limnogonus intermedius	Eukaryota, Metazoa, Ecdysozoa, Arthropoda, Hexapoda, Insecta, Pterygota, Neoptera, Paraneoptera, Hemiptera, Heteroptera, Gerromorpha, Gerroidea, Gerridae, Gerrinae, Limnogonus	8	2	8	1	1	1	8	1	5	3	0	0	1	0	0	0	8	0	1	2	0	1	0	1	3	0	0	0	1	0	17	3	26	2	3	2	11	0	4	4	7	1	0	1	6	0	2	1	2	1	0	2	3	0	0	0	5	1	3	0	2	0	1	0
4	CYTB	YP_009692489.1	Limnogonus intermedius	Eukaryota, Metazoa, Ecdysozoa, Arthropoda, Hexapoda, Insecta, Pterygota, Neoptera, Paraneoptera, Hemiptera, Heteroptera, Gerromorpha, Gerroidea, Gerridae, Gerrinae, Limnogonus	18	11	27	0	3	1	12	0	10	5	1	2	9	3	3	2	15	2	6	5	10	1	4	6	7	0	1	0	7	0	34	8	23	4	3	1	19	1	13	8	12	1	1	0	5	0	3	4	6	0	6	10	7	0	4	4	7	0	5	0	15	3	0	1
5	ND2	YP_009692491.1	Limnogonus intermedius	Eukaryota, Metazoa, Ecdysozoa, Arthropoda, Hexapoda, Insecta, Pterygota, Neoptera, Paraneoptera, Hemiptera, Heteroptera, Gerromorpha, Gerroidea, Gerridae, Gerrinae, Limnogonus	12	2	22	1	1	4	16	0	3	4	3	0	12	0	0	0	6	1	1	5	4	0	1	1	6	1	0	0	1	0	38	4	55	8	3	4	16	0	17	9	19	1	1	0	12	0	1	3	3	0	2	4	4	1	0	1	8	0	2	0	9	0	1	0
6	COX1	YP_009692492.1	Limnogonus intermedius	Eukaryota, Metazoa, Ecdysozoa, Arthropoda, Hexapoda, Insecta, Pterygota, Neoptera, Paraneoptera, Hemiptera, Heteroptera, Gerromorpha, Gerroidea, Gerridae, Gerrinae, Limnogonus	23	16	26	1	10	1	21	2	8	10	0	0	16	0	2	1	15	6	4	6	13	2	5	10	8	0	1	1	6	0	40	18	36	2	3	3	26	0	12	13	9	0	1	0	11	0	5	2	15	3	8	6	15	1	5	9	8	0	5	3	35	3	0	0
7	COX2	YP_009692493.1	Limnogonus intermedius	Eukaryota, Metazoa, Ecdysozoa, Arthropoda, Hexapoda, Insecta, Pterygota, Neoptera, Paraneoptera, Hemiptera, Heteroptera, Gerromorpha, Gerroidea, Gerridae, Gerrinae, Limnogonus	5	4	7	0	2	1	6	0	5	2	1	1	6	1	3	1	6	0	4	2	4	0	0	4	9	0	2	0	4	0	31	8	17	1	1	3	11	0	9	9	9	2	0	0	6	0	2	1	3	0	0	1	6	0	3	4	12	1	2	0	4	0	0	0
8	ATP8	YP_009692494.1	Limnogonus intermedius	Eukaryota, Metazoa, Ecdysozoa, Arthropoda, Hexapoda, Insecta, Pterygota, Neoptera, Paraneoptera, Hemiptera, Heteroptera, Gerromorpha, Gerroidea, Gerridae, Gerrinae, Limnogonus	1	1	2	0	0	0	4	0	1	1	0	0	3	0	0	0	2	0	1	0	0	0	0	0	0	0	0	0	0	0	5	0	8	0	1	0	4	0	4	1	6	0	0	0	2	0	0	0	1	0	0	0	0	0	0	0	0	0	0	0	0	0	1	0
