	YP_002317246.1|COX1	YP_002317247.1|COX2	YP_002317248.1|ATP8	YP_002317249.1|ATP6	YP_002317250.1|COX3	YP_002317251.1|ND3	YP_002317256.1|CYTB	YP_002317257.1|ND6	YP_002317258.1|ND2
TTT	19	8	2	9	14	12	17	4	8
TTC	20	3	3	4	9	2	10	3	3
TTA	21	13	3	16	12	9	27	13	20
TTG	2	0	0	3	0	0	1	0	0
TCT	9	2	1	7	3	1	3	4	8
TCC	4	3	1	2	3	2	4	1	2
TCA	21	9	1	12	21	2	12	11	17
TCG	1	0	0	1	0	0	1	0	1
TAT	9	5	0	1	3	3	16	1	5
TAC	8	1	0	2	4	1	7	2	3
TGT	0	2	0	1	1	0	0	0	0
TGC	0	0	0	1	0	1	2	0	0
TGA	13	6	3	6	13	2	11	2	5
TGG	0	0	0	0	1	0	0	0	1
CTT	7	4	0	2	3	1	6	1	7
CTC	1	0	0	2	1	0	2	1	5
CTA	17	6	1	16	5	5	16	3	9
CTG	1	0	0	2	0	0	2	0	0
CCT	6	3	1	2	1	0	3	2	4
CCC	3	1	0	0	4	0	3	1	1
CCA	15	6	1	10	4	5	16	5	9
CCG	0	0	0	0	0	0	1	0	0
CAT	9	2	0	1	4	0	4	0	1
CAC	9	3	1	4	9	0	5	1	0
CAA	8	7	2	3	6	0	7	2	8
CAG	0	0	0	0	0	0	1	0	0
CGT	1	1	0	0	0	0	1	0	0
CGC	0	0	0	0	0	0	0	0	0
CGA	7	3	0	2	4	1	3	1	1
CGG	0	0	0	0	0	0	0	0	0
ATT	32	9	3	12	22	8	24	14	29
ATC	14	6	1	4	6	6	7	9	6
ATA	40	17	7	23	15	11	23	26	52
ATG	2	1	0	1	1	0	1	1	2
ACT	6	9	0	4	2	1	4	1	4
ACC	5	2	1	1	4	0	3	1	8
ACA	31	15	2	10	13	4	20	9	21
ACG	0	0	0	0	0	0	0	0	0
AAT	15	10	2	7	4	2	10	5	12
AAC	9	5	1	5	4	3	6	4	9
AAA	8	10	7	5	6	9	14	8	17
AAG	2	2	0	1	0	0	0	0	0
AGT	4	0	0	1	2	0	0	0	0
AGC	2	0	1	1	0	0	0	0	0
AGA	3	4	0	4	5	2	6	1	3
AGG	0	0	0	0	0	0	0	0	0
GTT	12	4	0	2	1	2	5	2	2
GTC	1	0	0	1	3	0	1	1	0
GTA	14	6	1	6	8	3	6	0	4
GTG	0	0	0	0	1	0	0	0	0
GCT	13	4	1	4	4	0	6	0	7
GCC	9	3	0	7	4	3	5	1	6
GCA	16	3	2	3	8	1	11	2	1
GCG	0	0	0	0	0	0	0	0	0
GAT	9	6	0	0	0	2	2	0	0
GAC	6	4	0	1	3	0	7	1	0
GAA	6	9	1	4	6	5	5	0	4
GAG	1	0	0	0	1	0	0	0	0
GGT	15	1	0	2	1	0	4	0	0
GGC	1	0	0	1	0	0	0	0	1
GGA	23	6	0	3	9	4	17	3	9
GGG	1	0	0	2	3	0	0	0	1
TAA	0	1	1	0	1	0	0	1	0
TAG	0	0	0	0	0	0	0	0	0
