	YP_004934986.1|COX1	YP_004934987.1|COX2	YP_004934988.1|ATP8	YP_004934989.1|ATP6	YP_004934990.1|COX3	YP_004934991.1|ND3	YP_004934995.1|ND6	YP_004934996.1|CYTB	YP_004934998.1|ND2
TTT	26	13	4	13	17	8	21	21	22
TTC	14	2	1	3	6	0	2	8	3
TTA	36	15	3	30	16	12	20	42	36
TTG	1	0	0	0	0	0	1	4	4
TCT	13	8	3	7	6	6	7	9	16
TCC	1	0	0	2	0	0	1	0	2
TCA	12	4	4	6	6	5	8	7	13
TCG	1	0	0	0	1	0	1	0	1
TAT	12	6	0	4	10	0	4	12	7
TAC	3	1	1	0	1	1	2	5	3
TGT	0	2	0	0	3	1	1	3	0
TGC	0	0	0	0	0	0	2	0	2
TGA	12	6	2	6	13	3	1	13	7
TGG	3	0	1	0	0	0	0	0	2
CTT	9	6	1	9	8	4	5	10	9
CTC	1	1	0	1	2	1	0	1	1
CTA	13	5	3	4	5	3	6	5	7
CTG	2	0	0	1	1	1	0	2	2
CCT	13	4	0	8	3	3	2	14	4
CCC	3	1	0	0	1	0	2	0	2
CCA	10	5	3	5	5	1	1	7	7
CCG	2	0	0	0	0	0	1	1	2
CAT	11	2	0	4	8	0	0	9	5
CAC	7	3	1	2	8	1	1	4	2
CAA	7	7	2	2	7	2	2	7	6
CAG	2	0	0	2	0	0	1	0	4
CGT	4	1	0	0	1	0	0	2	1
CGC	0	1	0	0	0	1	0	0	0
CGA	5	5	0	3	3	2	1	6	2
CGG	1	0	0	0	0	0	0	0	0
ATT	33	20	2	12	15	13	12	27	20
ATC	9	2	1	1	5	4	2	3	5
ATA	25	7	4	13	6	3	8	11	25
ATG	3	2	1	2	2	0	2	1	2
ACT	15	9	2	7	9	5	3	7	2
ACC	1	0	0	0	2	0	2	1	5
ACA	14	6	1	9	8	1	9	14	9
ACG	2	0	0	0	1	0	0	0	0
AAT	13	7	1	6	4	2	5	13	8
AAC	3	3	1	2	2	1	3	4	2
AAA	6	2	4	3	2	4	3	7	10
AAG	0	0	1	0	0	0	0	1	3
AGT	2	2	0	2	2	0	1	1	4
AGC	0	0	0	0	1	0	1	0	0
AGA	6	6	0	6	3	0	0	5	5
AGG	1	0	0	1	0	0	0	0	0
GTT	18	6	1	5	11	4	5	14	7
GTC	2	1	0	2	1	0	0	2	2
GTA	17	9	3	7	5	1	4	8	8
GTG	3	1	0	3	2	0	2	0	1
GCT	19	4	0	4	7	4	2	15	9
GCC	6	2	0	1	2	1	2	1	1
GCA	15	9	0	9	10	3	2	11	11
GCG	1	0	0	0	0	0	0	0	3
GAT	6	11	0	1	2	2	2	8	1
GAC	10	1	0	1	3	2	1	4	0
GAA	5	9	0	3	6	5	0	2	3
GAG	3	1	0	1	1	1	2	0	1
GGT	20	2	1	4	1	1	3	8	4
GGC	5	2	0	1	0	1	1	2	0
GGA	21	5	0	5	16	3	3	13	7
GGG	4	2	0	1	4	1	0	3	3
TAA	1	0	1	1	0	1	1	1	1
TAG	0	0	0	0	0	0	0	0	0
