	NP_542482.4|COX1	NP_542483.1|COX2	NP_542484.1|ATP8	NP_542485.1|ATP6	NP_542486.1|COX3	NP_542487.1|ND3	NP_542488.1|ND6	NP_542489.1|CYTB	NP_542494.1|ND2
TTT	30	7	2	8	16	9	7	17	10
TTC	12	5	2	4	10	3	6	15	8
TTA	23	13	2	16	10	6	13	26	27
TTG	1	1	0	3	1	0	2	0	1
TCT	13	3	0	1	1	2	1	4	11
TCC	4	2	0	4	2	2	1	6	5
TCA	10	2	1	4	10	2	5	9	7
TCG	0	1	0	0	0	2	0	0	2
TAT	9	5	3	2	3	1	3	9	9
TAC	7	4	0	3	5	1	2	5	1
TGT	0	2	0	1	0	0	0	2	2
TGC	0	0	0	0	1	1	0	1	1
TGA	15	7	3	4	10	2	2	9	7
TGG	0	0	0	0	2	0	0	1	2
CTT	11	7	0	5	3	3	5	9	12
CTC	6	0	0	2	3	2	3	3	6
CTA	20	12	2	7	8	8	8	15	23
CTG	0	2	0	2	1	1	0	1	0
CCT	8	3	3	3	0	4	3	8	6
CCC	5	2	0	3	3	3	2	5	2
CCA	10	6	1	8	7	2	4	8	4
CCG	3	0	0	0	2	0	0	1	1
CAT	9	4	1	3	4	0	0	2	1
CAC	8	1	0	3	14	0	1	10	4
CAA	10	6	1	5	6	2	1	8	6
CAG	0	1	0	0	1	0	0	1	1
CGT	1	1	0	0	0	0	0	1	0
CGC	0	1	0	1	0	1	0	0	0
CGA	8	5	0	2	3	1	1	5	1
CGG	0	0	1	0	0	0	0	1	0
ATT	35	13	6	16	19	9	14	25	24
ATC	9	8	3	5	5	9	7	10	10
ATA	29	8	4	20	9	3	16	21	32
ATG	5	3	0	3	1	1	2	2	1
ACT	5	4	1	10	5	1	2	3	7
ACC	10	7	3	8	8	5	3	12	7
ACA	18	12	2	12	11	3	8	12	6
ACG	1	0	0	0	0	0	0	0	0
AAT	10	6	1	3	2	3	0	11	8
AAC	6	7	2	9	3	3	3	6	10
AAA	7	3	2	3	3	1	8	9	8
AAG	1	2	0	0	1	0	0	1	3
AGT	0	0	0	1	0	0	0	0	0
AGC	7	2	1	1	4	1	2	2	2
AGA	2	1	0	3	3	0	2	3	7
AGG	0	0	0	0	0	0	0	0	0
GTT	9	3	1	4	4	0	0	9	4
GTC	7	0	1	1	2	2	0	1	2
GTA	15	5	1	3	10	2	1	9	5
GTG	1	3	0	1	0	0	0	1	1
GCT	9	3	0	6	3	1	0	0	6
GCC	13	2	1	6	7	2	4	11	7
GCA	19	5	0	3	5	1	2	7	9
GCG	1	0	0	0	1	0	1	1	0
GAT	5	5	0	0	3	0	0	1	1
GAC	10	6	0	1	1	3	2	6	0
GAA	6	8	0	3	7	4	3	4	2
GAG	3	1	0	1	0	0	0	1	1
GGT	9	2	0	2	1	1	1	4	2
GGC	11	1	0	2	5	0	2	0	4
GGA	21	4	0	4	10	1	0	13	5
GGG	3	0	0	0	2	1	0	5	1
TAA	1	0	1	0	1	0	0	0	1
TAG	0	0	0	0	0	1	0	1	0
