	YP_009116485.1|COX1	YP_009116486.1|COX2	YP_009116487.1|ATP8	YP_009116488.1|ATP6	YP_009116489.1|COX3	YP_009116490.1|ND3	YP_009116492.1|ND6	YP_009116493.1|ND2	YP_009116496.1|CYTB
TTT	26	5	5	15	17	9	12	20	30
TTC	20	6	2	4	13	4	5	8	9
TTA	17	10	1	13	9	8	14	17	23
TTG	4	0	0	3	0	1	0	3	1
TCT	5	2	1	4	4	2	5	12	7
TCC	7	5	1	4	5	4	5	15	6
TCA	16	11	2	7	7	3	12	22	6
TCG	6	0	1	2	0	1	0	4	3
TAT	6	5	1	2	6	4	2	5	8
TAC	9	4	0	3	4	0	3	9	7
TGT	0	1	0	0	1	1	0	0	1
TGC	0	2	0	0	1	0	1	0	2
TGA	14	6	3	3	10	1	1	6	5
TGG	2	0	0	3	3	2	0	3	6
CTT	10	12	3	13	10	4	8	20	10
CTC	11	1	1	7	5	6	4	5	6
CTA	11	6	2	10	4	3	11	10	12
CTG	4	1	0	2	1	0	2	4	2
CCT	11	2	3	4	4	3	8	8	10
CCC	7	1	0	2	3	1	1	4	4
CCA	7	2	0	3	2	0	1	2	7
CCG	3	6	1	4	1	1	0	3	1
CAT	9	4	0	3	8	0	1	2	5
CAC	9	1	0	2	7	0	1	1	8
CAA	5	6	2	3	6	0	1	9	6
CAG	4	1	0	1	3	0	0	0	1
CGT	0	2	0	1	1	0	0	0	2
CGC	0	0	0	0	0	0	0	1	0
CGA	10	3	0	2	2	3	0	1	3
CGG	0	2	0	1	1	0	1	0	2
ATT	29	20	3	13	12	11	12	27	23
ATC	14	10	2	5	5	6	7	12	16
ATA	24	3	2	7	4	2	5	11	6
ATG	3	3	1	2	3	0	0	4	2
ACT	10	3	0	3	4	3	5	7	8
ACC	11	2	1	5	8	2	7	2	5
ACA	15	5	2	4	8	5	2	5	13
ACG	1	0	0	0	0	0	0	0	1
AAT	10	8	2	5	1	1	3	4	10
AAC	6	8	0	5	6	1	2	6	5
AAA	6	2	5	2	2	5	4	10	6
AAG	0	0	0	1	1	0	1	1	0
AGT	1	1	0	2	1	1	2	1	1
AGC	0	0	0	2	0	0	1	1	2
AGA	7	3	1	3	6	1	2	2	1
AGG	1	2	0	2	1	0	1	0	0
GTT	11	1	1	3	7	0	2	5	6
GTC	8	1	0	2	4	0	2	1	6
GTA	15	3	0	6	5	0	3	3	6
GTG	1	3	0	1	1	2	0	1	4
GCT	13	4	0	4	5	2	2	7	14
GCC	9	3	0	2	4	2	1	5	5
GCA	11	4	0	7	5	0	0	1	5
GCG	1	0	0	1	1	0	1	2	2
GAT	5	7	0	0	3	0	0	0	6
GAC	11	4	0	0	2	3	1	0	5
GAA	6	7	2	4	5	3	1	4	0
GAG	2	2	0	1	3	2	1	3	4
GGT	6	2	0	2	2	1	1	4	3
GGC	8	2	0	1	6	0	0	0	4
GGA	26	4	1	5	7	1	3	4	8
GGG	7	1	0	3	2	2	0	6	8
TAA	0	1	1	1	1	0	1	1	0
TAG	0	0	0	0	0	0	0	0	0
