	GenName	ProteinID	OrganismName	Taxonomy	Strand	TTT	TTC	TTA	TTG	TCT	TCC	TCA	TCG	TAT	TAC	TGT	TGC	TGA	TGG	CTT	CTC	CTA	CTG	CCT	CCC	CCA	CCG	CAT	CAC	CAA	CAG	CGT	CGC	CGA	CGG	ATT	ATC	ATA	ATG	ACT	ACC	ACA	ACG	AAT	AAC	AAA	AAG	AGT	AGC	GTT	GTC	GTA	GTG	GCT	GCC	GCA	GCG	GAT	GAC	GAA	GAG	GGT	GGC	GGA	GGG	TAA	TAG	AGA	AGG
0	ND1	YP_001122900.1	Oncorhynchus kisutch	Eukaryota, Metazoa, Chordata, Craniata, Vertebrata, Euteleostomi, Actinopterygii, Neopterygii, Teleostei, Protacanthopterygii, Salmoniformes, Salmonidae, Salmoninae, Oncorhynchus	1	10	6	6	1	2	10	4	0	3	9	0	0	6	2	15	12	27	4	8	10	6	0	2	2	6	1	1	0	4	3	8	14	6	3	3	9	7	1	3	7	7	0	0	5	6	4	10	2	8	17	10	1	2	2	7	4	0	6	4	8	0	1	0	0
1	ND2	YP_001122901.1	Oncorhynchus kisutch	Eukaryota, Metazoa, Chordata, Craniata, Vertebrata, Euteleostomi, Actinopterygii, Neopterygii, Teleostei, Protacanthopterygii, Salmoniformes, Salmonidae, Salmoninae, Oncorhynchus	1	8	2	11	6	6	5	8	0	4	4	0	1	9	2	20	20	21	2	4	7	9	0	0	7	11	1	1	1	2	0	18	6	7	5	9	18	14	1	3	7	8	0	0	5	3	1	4	3	7	16	15	2	0	0	8	0	1	6	5	5	0	1	0	0
2	COX1	YP_001122902.1	Oncorhynchus kisutch	Eukaryota, Metazoa, Chordata, Craniata, Vertebrata, Euteleostomi, Actinopterygii, Neopterygii, Teleostei, Protacanthopterygii, Salmoniformes, Salmonidae, Salmoninae, Oncorhynchus	1	24	18	12	0	6	10	9	0	7	11	0	1	16	1	13	10	18	9	4	7	12	5	7	12	3	5	1	0	6	1	20	21	13	11	9	11	15	1	4	11	6	2	1	4	11	11	15	3	16	20	10	1	5	9	8	3	6	12	15	14	1	0	0	0
3	COX2	YP_001122903.1	Oncorhynchus kisutch	Eukaryota, Metazoa, Chordata, Craniata, Vertebrata, Euteleostomi, Actinopterygii, Neopterygii, Teleostei, Protacanthopterygii, Salmoniformes, Salmonidae, Salmoninae, Oncorhynchus	1	3	5	4	0	5	6	2	0	6	3	1	1	5	0	13	6	4	1	4	6	3	1	4	6	8	0	1	0	5	0	5	13	8	4	6	1	3	0	2	2	3	2	0	3	8	6	6	2	3	6	4	3	4	9	13	2	3	1	4	1	0	0	0	0
4	ATP8	YP_001122904.1	Oncorhynchus kisutch	Eukaryota, Metazoa, Chordata, Craniata, Vertebrata, Euteleostomi, Actinopterygii, Neopterygii, Teleostei, Protacanthopterygii, Salmoniformes, Salmonidae, Salmoninae, Oncorhynchus	1	1	3	1	0	0	0	2	0	0	0	0	0	5	0	0	2	1	1	3	4	2	0	0	2	2	0	0	0	0	0	2	0	0	1	2	2	0	1	1	2	3	0	0	1	2	1	1	0	2	1	0	0	0	0	2	1	0	1	0	0	1	0	0	0
5	ATP6	YP_001122905.1	Oncorhynchus kisutch	Eukaryota, Metazoa, Chordata, Craniata, Vertebrata, Euteleostomi, Actinopterygii, Neopterygii, Teleostei, Protacanthopterygii, Salmoniformes, Salmonidae, Salmoninae, Oncorhynchus	1	8	4	6	1	2	2	0	0	1	3	0	0	3	2	11	11	22	3	2	8	5	2	1	2	6	3	0	2	4	0	9	11	4	5	2	9	10	1	4	5	1	0	0	4	4	3	4	2	4	9	6	0	0	1	4	0	3	6	1	1	1	0	0	0
6	COX3	YP_001122906.1	Oncorhynchus kisutch	Eukaryota, Metazoa, Chordata, Craniata, Vertebrata, Euteleostomi, Actinopterygii, Neopterygii, Teleostei, Protacanthopterygii, Salmoniformes, Salmonidae, Salmoninae, Oncorhynchus	1	11	13	4	1	4	1	3	1	2	10	0	2	12	0	9	4	14	1	2	6	4	0	4	12	9	0	0	0	4	1	7	6	4	2	7	9	9	0	2	0	1	1	0	3	6	7	4	1	5	9	7	0	0	5	8	2	4	13	3	2	1	0	0	0
7	ND3	YP_001122907.1	Oncorhynchus kisutch	Eukaryota, Metazoa, Chordata, Craniata, Vertebrata, Euteleostomi, Actinopterygii, Neopterygii, Teleostei, Protacanthopterygii, Salmoniformes, Salmonidae, Salmoninae, Oncorhynchus	1	3	4	5	1	2	5	0	0	1	1	1	0	4	1	3	5	8	4	2	3	3	0	0	0	2	1	0	2	0	0	4	6	0	1	4	4	4	0	0	2	1	0	0	0	2	0	2	0	0	7	2	0	3	1	5	1	0	2	3	1	0	0	0	0
8	ND4L	YP_001122908.1	Oncorhynchus kisutch	Eukaryota, Metazoa, Chordata, Craniata, Vertebrata, Euteleostomi, Actinopterygii, Neopterygii, Teleostei, Protacanthopterygii, Salmoniformes, Salmonidae, Salmoninae, Oncorhynchus	1	4	2	2	0	1	1	4	0	0	1	2	1	1	0	3	10	7	1	1	0	1	0	2	2	3	0	0	2	1	0	2	0	4	2	1	3	2	1	0	1	0	0	0	3	0	0	2	1	1	7	5	1	0	1	3	0	2	1	2	1	1	0	0	0
9	ND4	YP_001122909.1	Oncorhynchus kisutch	Eukaryota, Metazoa, Chordata, Craniata, Vertebrata, Euteleostomi, Actinopterygii, Neopterygii, Teleostei, Protacanthopterygii, Salmoniformes, Salmonidae, Salmoninae, Oncorhynchus	1	6	10	17	0	4	11	6	3	4	10	1	4	17	3	16	22	31	10	5	15	6	0	2	9	11	1	1	4	5	1	17	20	20	8	6	16	10	4	5	7	8	1	3	5	3	3	6	2	7	18	11	1	1	4	11	1	4	9	8	6	0	0	0	0
10	ND5	YP_001122910.1	Oncorhynchus kisutch	Eukaryota, Metazoa, Chordata, Craniata, Vertebrata, Euteleostomi, Actinopterygii, Neopterygii, Teleostei, Protacanthopterygii, Salmoniformes, Salmonidae, Salmoninae, Oncorhynchus	1	14	27	15	3	5	12	12	2	3	5	0	6	11	3	19	25	29	5	5	10	8	5	4	15	19	1	0	1	6	2	32	19	21	8	17	31	16	3	9	23	19	1	3	9	2	8	9	4	11	27	9	4	3	9	9	2	4	9	16	3	1	0	0	0
11	CYTB	YP_001122912.1	Oncorhynchus kisutch	Eukaryota, Metazoa, Chordata, Craniata, Vertebrata, Euteleostomi, Actinopterygii, Neopterygii, Teleostei, Protacanthopterygii, Salmoniformes, Salmonidae, Salmoninae, Oncorhynchus	1	10	20	6	3	7	8	5	2	3	11	1	3	10	3	13	17	16	3	3	8	9	1	5	7	7	0	0	0	8	0	9	19	6	4	5	9	6	1	5	12	7	2	1	0	5	9	7	5	7	21	6	2	5	6	4	1	1	9	11	6	0	0	0	0
