	YP_009740875.1|ND2	YP_009740876.1|COX1	YP_009740877.1|COX2	YP_009740878.1|ATP8	YP_009740879.1|ATP6	YP_009740880.1|COX3	YP_009740881.1|ND3	YP_009740885.1|ND6	YP_009740886.1|CYTB
TTT	13	28	9	4	17	13	9	11	26
TTC	6	10	3	3	5	13	1	2	6
TTA	20	24	12	4	21	20	8	16	33
TTG	7	1	0	0	0	0	1	1	2
TCT	5	7	2	1	2	2	1	1	5
TCC	7	2	1	1	0	1	1	1	2
TCA	17	19	9	2	11	9	6	5	6
TCG	5	2	1	0	0	0	0	0	0
TAT	3	9	4	0	4	6	1	4	14
TAC	8	7	3	0	0	3	0	1	3
TGT	2	1	2	0	0	1	0	0	5
TGC	0	0	0	0	0	0	1	0	0
TGA	9	12	6	4	5	14	2	1	11
TGG	1	3	0	0	0	0	1	1	1
CTT	6	11	7	1	3	4	2	2	6
CTC	2	3	1	0	0	0	0	0	1
CTA	18	19	8	2	13	9	4	7	6
CTG	4	2	1	0	0	0	0	0	0
CCT	0	6	2	3	2	3	1	2	6
CCC	1	4	0	0	2	1	0	0	1
CCA	8	14	6	0	6	7	4	2	15
CCG	1	2	1	0	1	0	0	0	1
CAT	1	7	5	0	3	8	1	1	9
CAC	1	7	1	0	3	6	0	0	3
CAA	9	10	5	2	2	8	2	3	7
CAG	0	0	0	0	1	0	0	1	1
CGT	0	2	1	0	0	0	1	1	3
CGC	0	0	0	0	0	0	0	0	0
CGA	3	6	6	0	3	4	2	0	5
CGG	0	0	1	0	0	0	0	0	0
ATT	23	38	12	5	14	16	13	16	35
ATC	12	14	5	1	7	4	5	6	8
ATA	25	28	11	4	17	11	7	20	16
ATG	10	4	1	0	1	2	0	3	2
ACT	3	4	7	0	8	4	1	4	5
ACC	4	5	3	0	4	2	1	2	2
ACA	12	25	12	2	9	14	6	10	14
ACG	1	1	0	0	0	0	0	0	0
AAT	9	14	5	1	11	6	3	10	20
AAC	10	6	4	3	6	1	0	1	4
AAA	6	4	4	4	3	1	4	8	7
AAG	4	3	0	1	0	0	0	0	2
AGT	1	2	1	0	2	1	0	0	0
AGC	1	0	0	0	0	0	0	0	0
AGA	12	9	5	2	6	7	5	5	4
AGG	0	0	0	0	0	0	0	0	0
GTT	6	9	8	0	3	2	1	2	15
GTC	1	2	0	0	1	1	1	0	1
GTA	6	17	7	1	2	11	3	6	9
GTG	2	1	1	0	0	1	0	0	1
GCT	3	13	2	0	1	2	1	0	1
GCC	2	3	0	0	1	4	0	1	1
GCA	5	21	9	0	9	11	5	3	15
GCG	0	0	0	0	0	0	0	0	0
GAT	0	12	8	0	0	3	3	3	7
GAC	0	4	5	0	1	1	0	0	1
GAA	9	9	9	2	4	7	4	5	5
GAG	2	0	0	0	0	0	1	0	0
GGT	4	17	2	0	2	3	1	2	8
GGC	0	0	0	0	0	0	1	0	1
GGA	8	28	8	0	8	15	2	2	15
GGG	2	2	1	0	1	1	0	1	1
TAA	1	0	1	1	1	1	0	1	1
TAG	0	0	0	0	0	0	1	0	0
