	YP_002836201.1|var1	YP_002836203.1|cytb	YP_002836204.1|cox1	YP_002836205.1|atp8	YP_002836206.1|atp6	YP_002836208.1|cox3
TTT	14	20	26	6	17	11
TTC	0	13	17	0	4	6
TTA	38	42	62	14	50	37
TTG	0	0	0	0	0	0
TCT	4	6	13	1	3	2
TCC	1	0	0	0	0	0
TCA	3	20	29	0	12	10
TCG	0	0	0	0	0	0
TAT	41	19	22	2	12	11
TAC	0	3	2	0	1	2
TGT	0	4	1	0	1	5
TGC	0	0	0	0	0	0
TGA	2	7	10	0	3	9
TGG	0	0	0	0	0	0
CTT	1	0	0	0	0	0
CTC	0	0	0	0	0	0
CTA	5	6	3	0	3	5
CTG	0	0	0	0	0	0
CCT	3	7	13	0	6	4
CCC	0	1	1	0	0	0
CCA	1	9	13	3	2	5
CCG	0	1	0	0	0	0
CAT	3	11	15	0	4	13
CAC	0	1	0	0	0	0
CAA	4	4	9	3	7	7
CAG	0	0	1	0	0	0
CGT	0	0	0	0	0	0
CGC	0	0	0	0	0	0
CGA	0	0	0	0	0	0
CGG	0	0	0	0	0	0
ATT	42	37	45	5	29	19
ATC	1	1	4	0	3	2
ATA	34	5	7	2	6	6
ATG	2	15	19	1	5	6
ACT	9	9	10	1	8	11
ACC	0	0	0	0	0	0
ACA	5	2	14	2	5	6
ACG	0	0	0	0	0	0
AAT	104	18	27	1	9	5
AAC	0	2	2	0	0	0
AAA	40	10	10	1	7	4
AAG	3	0	0	0	0	0
AGT	7	3	3	0	5	4
AGC	0	0	0	0	0	0
AGA	4	11	9	2	4	7
AGG	0	0	0	0	0	0
GTT	2	8	15	0	4	8
GTC	0	0	3	0	0	0
GTA	3	31	24	2	7	14
GTG	0	0	0	0	0	0
GCT	0	12	24	0	10	12
GCC	0	1	1	0	0	1
GCA	0	8	17	1	2	4
GCG	0	0	0	0	0	0
GAT	6	8	12	0	4	7
GAC	0	0	1	0	0	0
GAA	2	6	8	0	5	6
GAG	1	0	0	0	0	0
GGT	5	14	24	1	10	14
GGC	0	0	0	0	0	0
GGA	1	9	19	0	7	6
GGG	0	1	0	0	0	0
TAA	1	1	1	1	1	1
TAG	0	0	0	0	0	0
